{"train/policy_gradient_loss":0.0067963004,"_timestamp":1.7522118819251277e+09,"_step":4793,"train/approx_kl":0.0019421276,"rollout/ep_len_mean":4000,"train/entropy_loss":-2.6954823,"train/learning_rate":0.0001,"train/value_loss":0.038856424,"eval/mean_ep_length":4000,"time/fps":1441,"train/clip_fraction":0,"rollout/ep_rew_mean":122.7,"_wandb":{"runtime":694},"train/clip_range":0.2,"_runtime":694.640114594,"eval/mean_reward":69,"train/explained_variance":0.8613994,"train/loss":0.078574575,"global_step":1000000}