{"train/entropy_loss":-4.5413046,"eval/mean_ep_length":4000,"_runtime":693.075418544,"time/fps":1444,"train/learning_rate":0.0001,"train/loss":-0.011731554,"train/value_loss":0.024872998,"rollout/ep_rew_mean":77.5,"eval/mean_reward":139,"_step":4793,"rollout/ep_len_mean":4000,"train/approx_kl":0.000121055135,"global_step":1000000,"_wandb":{"runtime":693},"_timestamp":1.752213270590762e+09,"train/policy_gradient_loss":-0.014682025,"train/clip_range":0.2,"train/clip_fraction":0,"train/explained_variance":0.88668656}