{"time/fps":1468,"train/clip_fraction":0.15168001,"_runtime":682.158190637,"rollout/ep_rew_mean":81.5,"rollout/ep_len_mean":4000,"eval/mean_reward":135,"train/entropy_loss":-4.3176794,"global_step":1000000,"train/policy_gradient_loss":0.023997549,"_step":4793,"train/approx_kl":0.017691944,"eval/mean_ep_length":4000,"_timestamp":1.7522181661709442e+09,"train/value_loss":0.011854843,"train/learning_rate":0.001,"_wandb":{"runtime":682},"train/clip_range":0.2,"train/loss":-0.046483923,"train/explained_variance":0.93127286}