{"_runtime":695.425017917,"train/entropy_loss":-1.6519287,"_timestamp":1.7522139710811713e+09,"time/fps":1439,"train/learning_rate":0.001,"train/explained_variance":0.92160517,"train/loss":-0.027746204,"rollout/ep_len_mean":4000,"_step":4793,"global_step":1000000,"_wandb":{"runtime":695},"eval/mean_reward":154,"eval/mean_ep_length":4000,"train/clip_fraction":0.050720003,"train/value_loss":0.011254818,"train/approx_kl":0.0110935895,"train/clip_range":0.2,"rollout/ep_rew_mean":144.3,"train/policy_gradient_loss":-0.040981762}