{"_timestamp":1.752211182220643e+09,"rollout/ep_rew_mean":146.8,"global_step":1000000,"train/learning_rate":0.001,"_wandb":{"runtime":691},"train/value_loss":0.010340449,"train/clip_range":0.2,"train/policy_gradient_loss":-0.016968796,"eval/mean_reward":155,"train/entropy_loss":-0.84694296,"time/fps":1447,"train/loss":0.011859133,"_step":4793,"rollout/ep_len_mean":4000,"train/approx_kl":0.004662337,"train/clip_fraction":0.04016,"_runtime":691.944183743,"eval/mean_ep_length":4000,"train/explained_variance":0.9099713}