{"train/clip_fraction":0.15832001,"time/fps":1436,"rollout/ep_rew_mean":76.7,"_wandb":{"runtime":697},"train/learning_rate":0.001,"train/approx_kl":0.017241517,"_runtime":697.054719156,"train/loss":-0.03226524,"train/policy_gradient_loss":-0.0017305259,"train/explained_variance":0.9446175,"eval/mean_ep_length":4000,"_timestamp":1.7522153726717257e+09,"train/clip_range":0.2,"train/value_loss":0.011807651,"rollout/ep_len_mean":4000,"global_step":1000000,"_step":4793,"eval/mean_reward":102,"train/entropy_loss":-4.417909}